{"cameraMode":{"drawMode":0,"name":"Shaded","section":"Shading Mode"},"sceneLighting":false,"audioPlay":false,"sceneViewState":{"showFog":false,"showMaterialUpdate":false,"showSkybox":false,"showFlares":false,"showImageEffects":false,"showParticleSystems":false},"in2DMode":false,"pivot":{"x":-7.993568420410156,"y":1.0359400510787964,"z":1.2793779373168946},"rotation":{"x":0.06581477075815201,"y":-0.9077909588813782,"z":0.1530986726284027,"w":0.38531729578971865},"size":2.7895944118499758,"orthographic":false}