{"cameraMode":{"drawMode":0,"name":"Shaded","section":"Shading Mode"},"sceneLighting":false,"audioPlay":false,"sceneViewState":{"showFog":false,"showMaterialUpdate":false,"showSkybox":false,"showFlares":false,"showImageEffects":false,"showParticleSystems":false},"in2DMode":false,"pivot":{"x":0.9544520378112793,"y":-1.2060750722885132,"z":-0.4763450026512146},"rotation":{"x":-0.2617887556552887,"y":-0.46642589569091799,"z":0.14674434065818788,"w":-0.8320940136909485},"size":0.9305101633071899,"orthographic":false}