{"cameraMode":{"drawMode":0,"name":"Shaded","section":"Shading Mode"},"sceneLighting":false,"audioPlay":false,"sceneViewState":{"showFog":false,"showMaterialUpdate":false,"showSkybox":false,"showFlares":false,"showImageEffects":false,"showParticleSystems":false},"in2DMode":false,"pivot":{"x":0.651714563369751,"y":-0.3539999723434448,"z":0.6452524662017822},"rotation":{"x":-0.023063840344548227,"y":-0.9059973955154419,"z":0.0497884564101696,"w":-0.41973835229873659},"size":1.0664184093475342,"orthographic":false}