{"cameraMode":{"drawMode":0,"name":"Shaded","section":"Shading Mode"},"sceneLighting":false,"audioPlay":false,"sceneViewState":{"showFog":false,"showMaterialUpdate":false,"showSkybox":false,"showFlares":false,"showImageEffects":false,"showParticleSystems":false},"in2DMode":false,"pivot":{"x":0.9089999794960022,"y":-0.440000057220459,"z":1.3960000276565552},"rotation":{"x":0.06931643933057785,"y":-0.8951929211616516,"z":0.14988738298416139,"w":0.4139721691608429},"size":1.6664183139801026,"orthographic":false}