{"cameraMode":{"drawMode":0,"name":"Shaded","section":"Shading Mode"},"sceneLighting":false,"audioPlay":false,"sceneViewState":{"showFog":false,"showMaterialUpdate":false,"showSkybox":false,"showFlares":false,"showImageEffects":false,"showParticleSystems":false},"in2DMode":false,"pivot":{"x":1.8616993427276612,"y":1.8246475458145142,"z":-2.5147080421447756},"rotation":{"x":-0.019436120986938478,"y":0.9773114919662476,"z":-0.10329098999500275,"w":-0.1838943362236023},"size":7.316132068634033,"orthographic":false}