{"cameraMode":{"drawMode":0,"name":"Shaded","section":"Shading Mode"},"sceneLighting":false,"audioPlay":false,"sceneViewState":{"showFog":false,"showMaterialUpdate":false,"showSkybox":false,"showFlares":false,"showImageEffects":false,"showParticleSystems":false},"in2DMode":false,"pivot":{"x":1.109534502029419,"y":1.2082020044326783,"z":-1.1296188831329346},"rotation":{"x":0.0984765812754631,"y":-0.8918010592460632,"z":0.23475076258182527,"w":0.3740517199039459},"size":0.2719416916370392,"orthographic":false}