{"cameraMode":{"drawMode":0,"name":"Shaded","section":"Shading Mode"},"sceneLighting":true,"audioPlay":false,"sceneViewState":{"showFog":false,"showMaterialUpdate":false,"showSkybox":false,"showFlares":false,"showImageEffects":false,"showParticleSystems":false},"in2DMode":false,"pivot":{"x":-2.575960159301758,"y":5.029933929443359,"z":-24.56343650817871},"rotation":{"x":-0.2677944302558899,"y":-0.5336672067642212,"z":0.1829921156167984,"w":-0.7810655236244202},"size":1.5915484428405762,"orthographic":false}