{"cameraMode":{"drawMode":0,"name":"Shaded","section":"Shading Mode"},"sceneLighting":false,"audioPlay":false,"sceneViewState":{"showFog":false,"showMaterialUpdate":false,"showSkybox":false,"showFlares":false,"showImageEffects":false,"showParticleSystems":false},"in2DMode":false,"pivot":{"x":-3.3888537883758547,"y":7.124693393707275,"z":-20.35320472717285},"rotation":{"x":-0.38746243715286257,"y":0.1929614096879959,"z":-0.08309576660394669,"w":-0.8977698087692261},"size":0.4752653241157532,"orthographic":false}