{"cameraMode":{"drawMode":0,"name":"Shaded","section":"Shading Mode"},"sceneLighting":false,"audioPlay":false,"sceneViewState":{"showFog":true,"showMaterialUpdate":false,"showSkybox":false,"showFlares":true,"showImageEffects":true,"showParticleSystems":true},"in2DMode":false,"pivot":{"x":-3.5392251014709474,"y":5.63602352142334,"z":-24.088001251220704},"rotation":{"x":-0.16286601126194,"y":0.05088726058602333,"z":-0.00840386375784874,"w":-0.9853283762931824},"size":1.9330790042877198,"orthographic":false}