{"cameraMode":{"drawMode":0,"name":"Shaded","section":"Shading Mode"},"sceneLighting":false,"audioPlay":false,"sceneViewState":{"showFog":true,"showMaterialUpdate":false,"showSkybox":false,"showFlares":true,"showImageEffects":true,"showParticleSystems":true},"in2DMode":false,"pivot":{"x":-4.11128568649292,"y":6.104872703552246,"z":-24.111766815185548},"rotation":{"x":-0.2120581567287445,"y":0.6228193640708923,"z":-0.18065254390239716,"w":-0.7310921549797058},"size":0.2456272691488266,"orthographic":false}