{"cameraMode":{"drawMode":0,"name":"Shaded","section":"Shading Mode"},"sceneLighting":false,"audioPlay":false,"sceneViewState":{"showFog":true,"showMaterialUpdate":false,"showSkybox":false,"showFlares":true,"showImageEffects":true,"showParticleSystems":true},"in2DMode":false,"pivot":{"x":-0.3265993595123291,"y":-11.443851470947266,"z":2.174243450164795},"rotation":{"x":0.2505735158920288,"y":0.062381140887737277,"z":-0.01620190404355526,"w":0.9659651517868042},"size":8.492011070251465,"orthographic":false}