{"cameraMode":{"drawMode":0,"name":"Shaded","section":"Shading Mode"},"sceneLighting":false,"audioPlay":false,"sceneViewState":{"showFog":true,"showMaterialUpdate":false,"showSkybox":false,"showFlares":true,"showImageEffects":true,"showParticleSystems":true},"in2DMode":false,"pivot":{"x":0.9544520378112793,"y":-1.2060750722885132,"z":-0.4763450026512146},"rotation":{"x":0.16605116426944734,"y":-0.012268899008631707,"z":0.002719274489209056,"w":0.9862696528434753},"size":0.9305101633071899,"orthographic":false}