{"cameraMode":{"drawMode":0,"name":"Shaded","section":"Shading Mode"},"sceneLighting":false,"audioPlay":false,"sceneViewState":{"showFog":true,"showMaterialUpdate":false,"showSkybox":false,"showFlares":true,"showImageEffects":true,"showParticleSystems":true},"in2DMode":false,"pivot":{"x":2.188488245010376,"y":5.768083572387695,"z":-14.369951248168946},"rotation":{"x":0.1721624881029129,"y":0.21927186846733094,"z":-0.038534823805093768,"w":0.959827721118927},"size":17.09328269958496,"orthographic":false}