{"cameraMode":{"drawMode":0,"name":"Shaded","section":"Shading Mode"},"sceneLighting":false,"audioPlay":false,"sceneViewState":{"showFog":true,"showMaterialUpdate":false,"showSkybox":false,"showFlares":true,"showImageEffects":true,"showParticleSystems":true},"in2DMode":false,"pivot":{"x":5.052892684936523,"y":0.713170051574707,"z":-18.242856979370118},"rotation":{"x":0.24036461114883424,"y":0.0660710334777832,"z":-0.016395824030041696,"w":0.9683234691619873},"size":0.9305095672607422,"orthographic":false}