{"cameraMode":{"drawMode":0,"name":"Shaded","section":"Shading Mode"},"sceneLighting":false,"audioPlay":false,"sceneViewState":{"showFog":true,"showMaterialUpdate":false,"showSkybox":false,"showFlares":true,"showImageEffects":true,"showParticleSystems":true},"in2DMode":false,"pivot":{"x":-2.8697762489318849,"y":6.604432106018066,"z":-24.679983139038087},"rotation":{"x":0.11874108016490936,"y":-0.7808029651641846,"z":-0.15647773444652558,"w":-0.5933077335357666},"size":4.2737298011779789,"orthographic":false}