{"cameraMode":{"drawMode":0,"name":"Shaded","section":"Shading Mode"},"sceneLighting":false,"audioPlay":false,"sceneViewState":{"showFog":true,"showMaterialUpdate":false,"showSkybox":false,"showFlares":true,"showImageEffects":true,"showParticleSystems":true},"in2DMode":false,"pivot":{"x":5.726348876953125,"y":1.5584763288497925,"z":-23.702796936035158},"rotation":{"x":0.11696041375398636,"y":0.5640448927879334,"z":-0.08109882473945618,"w":0.8133986592292786},"size":0.5276291966438294,"orthographic":false}