{"cameraMode":{"drawMode":0,"name":"Shaded","section":"Shading Mode"},"sceneLighting":false,"audioPlay":false,"sceneViewState":{"showFog":true,"showMaterialUpdate":false,"showSkybox":false,"showFlares":true,"showImageEffects":true,"showParticleSystems":true},"in2DMode":false,"pivot":{"x":-0.3266005516052246,"y":-11.443853378295899,"z":2.1742444038391115},"rotation":{"x":-0.13711942732334138,"y":0.8544898629188538,"z":-0.28294190764427187,"w":-0.41374826431274416},"size":8.492010116577149,"orthographic":false}