{"cameraMode":{"drawMode":0,"name":"Shaded","section":"Shading Mode"},"sceneLighting":false,"audioPlay":false,"sceneViewState":{"showFog":true,"showMaterialUpdate":false,"showSkybox":false,"showFlares":true,"showImageEffects":true,"showParticleSystems":true},"in2DMode":false,"pivot":{"x":-3.1000003814697267,"y":-9.600000381469727,"z":0.10000038146972656},"rotation":{"x":-0.13711942732334138,"y":0.8544898629188538,"z":-0.28294190764427187,"w":-0.41374826431274416},"size":34.64101791381836,"orthographic":false}