{"cameraMode":{"drawMode":0,"name":"Shaded","section":"Shading Mode"},"sceneLighting":false,"audioPlay":false,"sceneViewState":{"showFog":true,"showMaterialUpdate":false,"showSkybox":false,"showFlares":true,"showImageEffects":true,"showParticleSystems":true},"in2DMode":false,"pivot":{"x":525.0430297851563,"y":2.7780001163482668,"z":900.489990234375},"rotation":{"x":0.2621474862098694,"y":0.26633280515670779,"z":-0.07552123069763184,"w":0.924473762512207},"size":0.5682799220085144,"orthographic":false}