{"cameraMode":{"drawMode":0,"name":"Shaded","section":"Shading Mode"},"sceneLighting":true,"audioPlay":false,"sceneViewState":{"showFog":true,"showMaterialUpdate":false,"showSkybox":false,"showFlares":true,"showImageEffects":true,"showParticleSystems":true},"in2DMode":false,"pivot":{"x":431.6240539550781,"y":24.94822883605957,"z":190.42422485351563},"rotation":{"x":-0.13711942732334138,"y":0.8544898629188538,"z":-0.28294190764427187,"w":-0.41374826431274416},"size":15.789063453674317,"orthographic":false}