{"cameraMode":{"drawMode":0,"name":"Shaded","section":"Shading Mode"},"sceneLighting":false,"audioPlay":false,"sceneViewState":{"showFog":true,"showMaterialUpdate":false,"showSkybox":false,"showFlares":true,"showImageEffects":true,"showParticleSystems":true},"in2DMode":false,"pivot":{"x":-0.3065767288208008,"y":-10.750617980957032,"z":1.4077033996582032},"rotation":{"x":0.08121335506439209,"y":0.033900219947099689,"z":-0.0020434625912457706,"w":0.9963496923446655},"size":9.278136253356934,"orthographic":false}