{"cameraMode":{"drawMode":0,"name":"Shaded","section":"Shading Mode"},"sceneLighting":false,"audioPlay":false,"sceneViewState":{"showFog":true,"showMaterialUpdate":false,"showSkybox":false,"showFlares":true,"showImageEffects":true,"showParticleSystems":true},"in2DMode":false,"pivot":{"x":1.4800000190734864,"y":2.8499999046325685,"z":-3.2799999713897707},"rotation":{"x":0.16605116426944734,"y":-0.012268899008631707,"z":0.002719274489209056,"w":0.9862696528434753},"size":3.464102268218994,"orthographic":false}