{"cameraMode":{"drawMode":0,"name":"Shaded","section":"Shading Mode"},"sceneLighting":false,"audioPlay":false,"sceneViewState":{"showFog":true,"showMaterialUpdate":false,"showSkybox":false,"showFlares":true,"showImageEffects":true,"showParticleSystems":true},"in2DMode":false,"pivot":{"x":-19.48419761657715,"y":8.553481101989746,"z":-30.380769729614259},"rotation":{"x":0.08121335506439209,"y":0.033900219947099689,"z":-0.0020434625912457706,"w":0.9963496923446655},"size":0.27834442257881167,"orthographic":false}