{"cameraMode":{"drawMode":0,"name":"Shaded","section":"Shading Mode"},"sceneLighting":true,"audioPlay":false,"sceneViewState":{"showFog":true,"showMaterialUpdate":false,"showSkybox":true,"showFlares":true,"showImageEffects":true,"showParticleSystems":true},"in2DMode":false,"pivot":{"x":502.0,"y":181.2273712158203,"z":162.50717163085938},"rotation":{"x":-0.05160193890333176,"y":0.30992642045021059,"z":-0.016848677769303323,"w":-0.9492092132568359},"size":108.68988037109375,"orthographic":false}